﻿<?xml version="1.0" encoding="utf-8"?>
<Project ToolsVersion="14.0" xmlns="http://schemas.microsoft.com/developer/msbuild/2003">
  <PropertyGroup>
    <IncludeCompositeObjects>True</IncludeCompositeObjects>
    <TargetDatabaseName>AdventureworksLTDW2016</TargetDatabaseName>
    <DeployScriptFileName>DBAdventureworksLTDW2016.sql</DeployScriptFileName>
    <TargetConnectionString>Data Source=SSISCOOKBOOK\MSSQL2017;Integrated Security=True;Persist Security Info=False;Pooling=False;MultipleActiveResultSets=False;Connect Timeout=60;Encrypt=False;TrustServerCertificate=True</TargetConnectionString>
    <ProfileVersionNumber>1</ProfileVersionNumber>
    <BlockOnPossibleDataLoss>False</BlockOnPossibleDataLoss>
  </PropertyGroup>
  <ItemGroup>
    <SqlCmdVariable Include="SSISDB">
      <Value>SSISDB</Value>
    </SqlCmdVariable>
  </ItemGroup>
</Project>